grade,avg_int_rate
A,0.07087321715594805
B,0.10680961408913009
C,0.14150584188527907
D,0.1815714915403655
E,0.21838200946637373
F,0.25462160287081337
G,0.2807318376068376
